employee_key,employee_name,gender,hire_date
1,Pierre Dupont,M,2023-04-26
2,Nathalie Michel,F,2017-07-03
3,Michel Bernard,M,2022-08-03
4,Aurelie Durand,F,2021-08-15
5,Francois Martin,M,2015-05-03
6,Sophie Simon,F,2017-08-10
7,Olivier Morel,M,2015-04-19
8,Aurelie Simon,F,2023-01-11
9,Olivier Blanc,M,2017-06-21
10,Celine Bertrand,F,2018-02-13
11,Jean Laurent,M,2022-10-30
12,Valerie Fournier,F,2018-02-12
13,Michel Simon,M,2023-07-25
14,Sandrine Bernard,F,2016-01-15
15,Francois Bernard,M,2019-01-10
16,Sandrine Morel,F,2017-12-19
17,Jean Guerin,M,2021-01-05
18,Sophie Bonnet,F,2015-11-19
19,Olivier Roux,M,2024-04-20
20,Claire Girard,F,2021-06-22
21,Philippe Durand,M,2015-07-07
22,Catherine Roux,F,2015-11-23
23,Philippe Bernard,M,2019-04-06
24,Nathalie Guerin,F,2022-02-16
25,Laurent Laurent,M,2019-02-25
26,Sandrine Simon,F,2022-07-08
27,Nicolas Durand,M,2021-10-31
28,Isabelle David,F,2023-03-06
29,Philippe Laurent,M,2020-03-08
30,Valerie Leroy,F,2022-03-06
31,Olivier Michel,M,2022-09-05
32,Sandrine Martin,F,2017-07-27
33,Jean Fournier,M,2019-07-02
34,Nathalie Durand,F,2017-05-14
35,Marc Fournier,M,2017-05-20
36,Celine Bonnet,F,2024-12-02
37,Stephane Moreau,M,2017-12-20
38,Isabelle Michel,F,2023-05-10
39,Olivier David,M,2017-12-12
40,Claire Blanc,F,2021-07-18
41,Francois Girard,M,2017-06-17
42,Isabelle Muller,F,2020-07-14
43,Pierre Martin,M,2024-08-28
44,Sophie Moreau,F,2022-01-14
45,Michel Blanc,M,2021-09-08
46,Sophie Bonnet,F,2019-04-13
47,Marc Guerin,M,2020-12-07
48,Nathalie David,F,2024-08-26
49,Jean Bernard,M,2022-08-24
50,Aurelie Leroy,F,2023-08-15
51,Laurent Bernard,M,2018-04-17
52,Valerie Laurent,F,2020-02-02
53,Jean Leroy,M,2020-08-12
54,Isabelle Muller,F,2016-03-11
55,Nicolas Muller,M,2021-10-30
56,Catherine Moreau,F,2019-03-12
57,Michel David,M,2023-09-25
58,Aurelie Dupont,F,2021-09-19
59,Laurent Mercier,M,2015-03-21
60,Sophie Girard,F,2024-11-08
61,Nicolas Michel,M,2015-08-26
62,Catherine Bertrand,F,2015-11-19
63,Pierre Mercier,M,2024-02-25
64,Sophie David,F,2023-08-03
65,Michel Moreau,M,2022-05-26
66,Celine David,F,2016-11-07
67,Nicolas Muller,M,2024-10-13
68,Claire Blanc,F,2017-05-17
69,Olivier Simon,M,2022-12-30
70,Nathalie Bonnet,F,2022-07-14
71,Laurent Guerin,M,2020-10-20
72,Celine Bernard,F,2017-10-12
73,Philippe Durand,M,2018-10-16
74,Marie Bertrand,F,2021-03-18
75,Philippe Bertrand,M,2017-06-21
76,Marie Durand,F,2022-12-09
77,Jean Michel,M,2015-10-04
78,Marie Fournier,F,2015-10-18
79,Olivier Michel,M,2018-02-14
80,Celine Simon,F,2021-01-17
81,Michel Bertrand,M,2021-06-18
82,Celine Michel,F,2023-10-19
83,Stephane Blanc,M,2017-02-18
84,Sophie Bernard,F,2022-05-23
85,Francois Girard,M,2019-10-01
86,Valerie Guerin,F,2024-09-08
87,Jean Bernard,M,2015-09-06
88,Valerie Fournier,F,2023-12-24
89,Pierre Michel,M,2017-02-23
90,Catherine David,F,2020-01-12
91,Michel Blanc,M,2017-01-21
92,Nathalie Guerin,F,2017-10-20
93,Pierre Guerin,M,2024-01-23
94,Aurelie Bernard,F,2015-07-27
95,Olivier Dupont,M,2016-01-18
96,Catherine Laurent,F,2019-07-23
97,Stephane Mercier,M,2017-05-25
98,Valerie Martin,F,2016-11-05
99,Francois Dupont,M,2019-05-19
100,Nathalie Guerin,F,2018-03-14
101,Francois David,M,2022-06-04
102,Celine Moreau,F,2017-02-16
103,Nicolas Simon,M,2015-08-28
104,Claire David,F,2015-09-07
105,Laurent Martin,M,2015-07-25
106,Claire Mercier,F,2020-08-21
107,Olivier Laurent,M,2015-08-21
108,Aurelie Durand,F,2024-07-19
109,Michel Durand,M,2021-09-03
110,Sophie Michel,F,2019-07-12
111,Pierre Bertrand,M,2017-10-05
112,Claire Morel,F,2015-06-12
113,Marc Durand,M,2019-09-14
114,Claire Bertrand,F,2020-11-11
115,Laurent Leroy,M,2017-04-16
116,Sandrine Michel,F,2017-12-23
117,Francois Moreau,M,2022-07-14
118,Nathalie Guerin,F,2018-07-19
119,Pierre Dupont,M,2020-02-21
120,Claire Bertrand,F,2016-02-14
121,Pierre David,M,2017-05-23
122,Aurelie Leroy,F,2016-06-26
123,Laurent Durand,M,2024-11-10
124,Catherine Girard,F,2018-03-13
125,Michel Guerin,M,2024-05-08
126,Aurelie Roux,F,2021-11-10
127,Olivier Dupont,M,2022-06-28
128,Aurelie Roux,F,2022-06-10
129,Pierre Moreau,M,2017-12-19
130,Sophie Bernard,F,2023-04-29
131,Olivier Moreau,M,2018-01-20
132,Nathalie Morel,F,2017-05-12
133,Laurent Simon,M,2022-09-16
134,Nathalie Muller,F,2020-06-24
135,Nicolas Martin,M,2016-01-14
136,Valerie Leroy,F,2015-06-30
137,Jean Fournier,M,2023-08-25
138,Isabelle Leroy,F,2016-10-23
139,Stephane David,M,2022-11-30
140,Valerie David,F,2015-02-09
141,Pierre Durand,M,2024-11-26
142,Isabelle David,F,2015-05-28
143,Laurent Bertrand,M,2021-03-13
144,Isabelle Blanc,F,2016-06-06
145,Jean Roux,M,2019-02-02
146,Marie Girard,F,2017-05-10
147,Philippe Bernard,M,2018-12-19
148,Aurelie Blanc,F,2021-12-17
149,Michel Michel,M,2024-09-11
150,Isabelle Laurent,F,2024-11-19
151,Francois Dupont,M,2017-01-04
152,Sandrine Blanc,F,2023-12-30
153,Philippe Leroy,M,2016-10-14
154,Sophie Bonnet,F,2024-10-12
155,Jean Mercier,M,2017-06-30
156,Catherine Guerin,F,2018-12-03
157,Nicolas Michel,M,2017-07-02
158,Marie Simon,F,2019-06-21
159,Laurent Leroy,M,2024-09-10
160,Sophie Leroy,F,2018-12-09
161,Olivier Bonnet,M,2022-08-15
162,Aurelie Fournier,F,2015-04-24
163,Pierre Leroy,M,2017-01-01
164,Claire Leroy,F,2015-06-06
165,Pierre Morel,M,2019-11-15
166,Sandrine Fournier,F,2019-11-23
167,Marc Muller,M,2016-04-18
168,Valerie Bertrand,F,2017-02-17
169,Nicolas Martin,M,2022-12-13
170,Valerie Dupont,F,2020-10-30
171,Olivier Simon,M,2019-01-31
172,Valerie Durand,F,2022-06-13
173,Laurent Morel,M,2018-07-09
174,Sophie Roux,F,2020-09-08
175,Nicolas Blanc,M,2018-08-29
176,Valerie Roux,F,2021-03-20
177,Michel Simon,M,2019-09-19
178,Valerie Laurent,F,2021-11-26
179,Marc Roux,M,2019-07-22
180,Aurelie Dupont,F,2018-05-29
181,Nicolas Simon,M,2019-10-27
182,Claire Morel,F,2022-05-05
183,Laurent Guerin,M,2019-12-15
184,Celine Simon,F,2020-09-24
185,Stephane Laurent,M,2022-05-22
186,Sophie Roux,F,2020-10-12
187,Marc Fournier,M,2016-01-18
188,Catherine Roux,F,2017-07-09
189,Philippe Moreau,M,2015-04-11
190,Marie Michel,F,2020-04-30
191,Marc Durand,M,2020-02-09
192,Valerie Bertrand,F,2017-03-07
193,Francois Mercier,M,2019-06-25
194,Catherine Moreau,F,2022-05-11
195,Jean Bernard,M,2023-09-24
196,Valerie Michel,F,2016-12-21
197,Olivier Guerin,M,2015-07-25
198,Aurelie Michel,F,2024-07-06
199,Pierre Guerin,M,2016-06-30
200,Celine Muller,F,2021-04-08
201,Marc Fournier,M,2023-06-21
202,Celine Morel,F,2024-02-21
203,Olivier Blanc,M,2024-04-25
204,Aurelie Guerin,F,2016-10-13
205,Stephane Guerin,M,2017-11-27
206,Catherine Leroy,F,2023-08-03
207,Olivier Mercier,M,2022-01-11
208,Catherine Leroy,F,2019-12-07
209,Pierre Roux,M,2017-08-18
210,Nathalie Fournier,F,2018-08-02
211,Olivier Durand,M,2016-07-20
212,Isabelle Michel,F,2019-04-18
213,Michel Simon,M,2015-09-21
214,Valerie Blanc,F,2018-09-17
215,Olivier Guerin,M,2019-08-31
216,Marie Simon,F,2024-05-04
217,Francois Bonnet,M,2023-08-20
218,Claire Dupont,F,2024-08-10
219,Marc Bonnet,M,2020-05-07
220,Marie Girard,F,2018-05-08
221,Francois Blanc,M,2021-01-13
222,Aurelie Morel,F,2017-06-22
223,Stephane Michel,M,2018-01-22
224,Valerie Mercier,F,2015-04-29
225,Francois Fournier,M,2022-07-02
226,Valerie Laurent,F,2024-06-04
227,Stephane Moreau,M,2021-12-23
228,Aurelie Dupont,F,2019-06-02
229,Marc Bertrand,M,2022-06-08
230,Marie Durand,F,2022-03-17
231,Francois Moreau,M,2024-09-20
232,Celine Laurent,F,2015-07-25
233,Nicolas Bonnet,M,2018-09-02
234,Catherine Guerin,F,2018-08-31
235,Laurent Bonnet,M,2018-02-13
236,Valerie Leroy,F,2024-05-12
237,Pierre Mercier,M,2015-03-21
238,Aurelie Martin,F,2018-12-04
239,Philippe Durand,M,2023-10-05
240,Marie Dupont,F,2017-10-09
241,Philippe Dupont,M,2021-12-19
242,Isabelle Michel,F,2016-06-01
243,Stephane Bernard,M,2021-04-29
244,Catherine Guerin,F,2022-11-05
245,Nicolas Girard,M,2016-11-18
246,Claire Morel,F,2023-05-22
247,Pierre Laurent,M,2018-06-28
248,Sophie Bertrand,F,2015-04-16
249,Nicolas Bertrand,M,2022-08-06
250,Valerie Bonnet,F,2023-01-07
251,Philippe Durand,M,2021-08-22
252,Catherine Bernard,F,2022-10-26
253,Nicolas Morel,M,2024-01-13
254,Sophie Bertrand,F,2023-10-11
255,Jean Girard,M,2020-12-22
256,Valerie Girard,F,2015-10-10
257,Olivier Fournier,M,2015-02-21
258,Valerie Mercier,F,2016-03-08
259,Francois Girard,M,2022-02-16
260,Celine Moreau,F,2019-11-19
261,Michel Muller,M,2022-04-18
262,Nathalie Morel,F,2024-01-24
263,Olivier Mercier,M,2020-03-19
264,Valerie Bertrand,F,2018-01-04
265,Laurent Michel,M,2024-04-25
266,Sophie Leroy,F,2024-11-20
267,Stephane Michel,M,2023-06-01
268,Celine Bertrand,F,2021-11-04
269,Francois Fournier,M,2015-04-28
270,Celine Fournier,F,2017-01-14
271,Stephane Simon,M,2018-12-24
272,Nathalie Fournier,F,2018-02-19
273,Marc Leroy,M,2021-03-26
274,Marie Muller,F,2017-02-21
275,Pierre Michel,M,2023-01-28
276,Valerie Mercier,F,2021-03-24
277,Philippe Mercier,M,2022-03-30
278,Celine Guerin,F,2023-11-22
279,Jean Durand,M,2018-04-20
280,Catherine Bonnet,F,2022-10-04
281,Philippe Roux,M,2022-06-12
282,Claire Girard,F,2020-04-22
283,Olivier Muller,M,2018-11-09
284,Valerie David,F,2018-09-16
285,Laurent Guerin,M,2018-01-14
286,Nathalie Leroy,F,2017-08-02
287,Pierre Simon,M,2018-07-16
288,Sophie David,F,2023-07-19
289,Michel Simon,M,2017-06-05
290,Celine Leroy,F,2023-02-15
291,Marc Muller,M,2021-09-10
292,Nathalie Bernard,F,2024-05-03
293,Philippe Roux,M,2017-07-20
294,Sandrine Laurent,F,2018-05-23
295,Jean David,M,2016-06-02
296,Nathalie Martin,F,2015-08-12
297,Olivier Roux,M,2022-10-27
298,Isabelle Mercier,F,2016-02-25
299,Jean Bertrand,M,2018-03-10
300,Celine Mercier,F,2019-12-10
301,Laurent Laurent,M,2015-07-30
302,Nathalie Mercier,F,2016-04-12
303,Pierre Bonnet,M,2020-07-07
304,Sophie Bertrand,F,2022-01-22
305,Jean Moreau,M,2016-09-03
306,Claire Roux,F,2015-12-15
307,Philippe Bernard,M,2021-04-04
308,Valerie Morel,F,2021-09-07
309,Marc Michel,M,2023-09-13
310,Aurelie Bonnet,F,2020-01-20
311,Stephane Roux,M,2024-08-24
312,Claire Blanc,F,2018-06-04
313,Marc Morel,M,2015-09-04
314,Claire Bernard,F,2023-07-22
315,Philippe Simon,M,2017-12-19
316,Sophie Laurent,F,2017-09-09
317,Michel David,M,2015-11-04
318,Isabelle Dupont,F,2019-08-01
319,Stephane Morel,M,2020-04-08
320,Nathalie Martin,F,2017-08-06
321,Nicolas Roux,M,2022-11-19
322,Celine Durand,F,2022-09-16
323,Philippe Leroy,M,2023-11-01
324,Claire Simon,F,2019-10-08
325,Pierre David,M,2017-07-09
326,Isabelle Leroy,F,2024-04-08
327,Michel Durand,M,2015-09-02
328,Isabelle Roux,F,2021-09-03
329,Marc Roux,M,2019-12-04
330,Sophie Guerin,F,2022-09-21
331,Nicolas Bonnet,M,2018-01-20
332,Aurelie David,F,2020-07-15
333,Stephane Durand,M,2021-09-15
334,Marie Blanc,F,2023-03-28
335,Laurent Morel,M,2017-10-22
336,Marie Durand,F,2017-07-26
337,Marc Bertrand,M,2015-03-26
338,Nathalie Bertrand,F,2015-06-14
339,Michel Mercier,M,2020-10-26
340,Celine Leroy,F,2017-01-13
341,Marc Blanc,M,2022-02-13
342,Celine Durand,F,2020-04-09
343,Laurent Blanc,M,2018-09-27
344,Sandrine Bernard,F,2024-08-14
345,Michel Fournier,M,2019-08-14
346,Celine Roux,F,2022-06-06
347,Francois David,M,2015-05-31
348,Celine Durand,F,2018-07-12
349,Nicolas Fournier,M,2016-04-19
350,Valerie Muller,F,2024-04-01
351,Jean David,M,2020-03-07
352,Valerie Martin,F,2017-02-07
353,Olivier Girard,M,2021-12-25
354,Celine Guerin,F,2023-07-10
355,Jean Simon,M,2017-12-29
356,Aurelie Moreau,F,2018-03-25
357,Stephane Mercier,M,2016-05-12
358,Marie Morel,F,2023-12-18
359,Philippe Laurent,M,2018-06-26
360,Aurelie Dupont,F,2021-03-12
361,Francois Durand,M,2017-07-09
362,Sophie Guerin,F,2016-04-26
363,Michel Mercier,M,2023-01-14
364,Nathalie Muller,F,2022-11-29
365,Nicolas Blanc,M,2024-05-12
366,Celine Mercier,F,2017-09-25
367,Stephane David,M,2016-08-15
368,Valerie Simon,F,2021-09-21
369,Olivier Moreau,M,2024-09-09
370,Sophie Leroy,F,2023-08-31
371,Francois Fournier,M,2023-11-01
372,Aurelie Leroy,F,2024-03-14
373,Jean Roux,M,2023-02-21
374,Nathalie Bertrand,F,2021-07-03
375,Stephane Moreau,M,2020-01-04
376,Aurelie Mercier,F,2018-11-14
377,Laurent David,M,2023-07-22
378,Aurelie Bonnet,F,2020-02-09
379,Laurent Simon,M,2022-10-27
380,Catherine Bertrand,F,2019-04-18
381,Philippe Blanc,M,2015-06-28
382,Sandrine Mercier,F,2022-11-28
383,Francois Bonnet,M,2022-06-11
384,Isabelle Mercier,F,2015-06-01
385,Michel Muller,M,2021-08-14
386,Sandrine Bernard,F,2024-10-20
387,Stephane Bernard,M,2020-11-24
388,Celine Dupont,F,2023-02-07
389,Michel Blanc,M,2024-10-07
390,Isabelle Durand,F,2020-04-07
391,Nicolas Fournier,M,2021-12-27
392,Valerie Durand,F,2024-07-20
393,Laurent David,M,2019-04-06
394,Sandrine Mercier,F,2024-10-13
395,Olivier Martin,M,2021-12-04
396,Sophie Michel,F,2022-01-29
397,Nicolas Michel,M,2023-05-17
398,Sophie Blanc,F,2016-02-08
399,Pierre Guerin,M,2016-11-12
400,Nathalie Dupont,F,2015-07-08
