sales_rep_key,rep_name,hire_date
1,Pierre Dupont,2023-04-26
2,Nathalie Michel,2017-07-03
3,Michel Bernard,2022-08-03
4,Aurelie Durand,2021-08-15
5,Francois Martin,2015-05-03
6,Sophie Simon,2017-08-10
7,Olivier Morel,2015-04-19
8,Aurelie Simon,2023-01-11
9,Olivier Blanc,2017-06-21
10,Celine Bertrand,2018-02-13
11,Jean Laurent,2022-10-30
12,Valerie Fournier,2018-02-12
13,Michel Simon,2023-07-25
14,Sandrine Bernard,2016-01-15
15,Francois Bernard,2019-01-10
16,Sandrine Morel,2017-12-19
17,Jean Guerin,2021-01-05
18,Sophie Bonnet,2015-11-19
19,Olivier Roux,2024-04-20
20,Claire Girard,2021-06-22
21,Philippe Durand,2015-07-07
22,Catherine Roux,2015-11-23
23,Philippe Bernard,2019-04-06
24,Nathalie Guerin,2022-02-16
25,Laurent Laurent,2019-02-25
26,Sandrine Simon,2022-07-08
27,Nicolas Durand,2021-10-31
28,Isabelle David,2023-03-06
29,Philippe Laurent,2020-03-08
30,Valerie Leroy,2022-03-06
31,Olivier Michel,2022-09-05
32,Sandrine Martin,2017-07-27
33,Jean Fournier,2019-07-02
34,Nathalie Durand,2017-05-14
35,Marc Fournier,2017-05-20
36,Celine Bonnet,2024-12-02
37,Stephane Moreau,2017-12-20
38,Isabelle Michel,2023-05-10
39,Olivier David,2017-12-12
40,Claire Blanc,2021-07-18
41,Francois Girard,2017-06-17
42,Isabelle Muller,2020-07-14
43,Pierre Martin,2024-08-28
44,Sophie Moreau,2022-01-14
45,Michel Blanc,2021-09-08
46,Sophie Bonnet,2019-04-13
47,Marc Guerin,2020-12-07
48,Nathalie David,2024-08-26
49,Jean Bernard,2022-08-24
50,Aurelie Leroy,2023-08-15
51,Laurent Bernard,2018-04-17
52,Valerie Laurent,2020-02-02
53,Jean Leroy,2020-08-12
54,Isabelle Muller,2016-03-11
55,Nicolas Muller,2021-10-30
56,Catherine Moreau,2019-03-12
57,Michel David,2023-09-25
58,Aurelie Dupont,2021-09-19
59,Laurent Mercier,2015-03-21
60,Sophie Girard,2024-11-08
61,Nicolas Michel,2015-08-26
62,Catherine Bertrand,2015-11-19
63,Pierre Mercier,2024-02-25
64,Sophie David,2023-08-03
65,Michel Moreau,2022-05-26
66,Celine David,2016-11-07
67,Nicolas Muller,2024-10-13
68,Claire Blanc,2017-05-17
69,Olivier Simon,2022-12-30
70,Nathalie Bonnet,2022-07-14
71,Laurent Guerin,2020-10-20
72,Celine Bernard,2017-10-12
73,Philippe Durand,2018-10-16
74,Marie Bertrand,2021-03-18
75,Philippe Bertrand,2017-06-21
76,Marie Durand,2022-12-09
77,Jean Michel,2015-10-04
78,Marie Fournier,2015-10-18
79,Olivier Michel,2018-02-14
80,Celine Simon,2021-01-17
81,Michel Bertrand,2021-06-18
82,Celine Michel,2023-10-19
83,Stephane Blanc,2017-02-18
84,Sophie Bernard,2022-05-23
85,Francois Girard,2019-10-01
86,Valerie Guerin,2024-09-08
87,Jean Bernard,2015-09-06
88,Valerie Fournier,2023-12-24
89,Pierre Michel,2017-02-23
90,Catherine David,2020-01-12
91,Michel Blanc,2017-01-21
92,Nathalie Guerin,2017-10-20
93,Pierre Guerin,2024-01-23
94,Aurelie Bernard,2015-07-27
95,Olivier Dupont,2016-01-18
96,Catherine Laurent,2019-07-23
97,Stephane Mercier,2017-05-25
98,Valerie Martin,2016-11-05
99,Francois Dupont,2019-05-19
100,Nathalie Guerin,2018-03-14
101,Francois David,2022-06-04
102,Celine Moreau,2017-02-16
103,Nicolas Simon,2015-08-28
104,Claire David,2015-09-07
105,Laurent Martin,2015-07-25
106,Claire Mercier,2020-08-21
107,Olivier Laurent,2015-08-21
108,Aurelie Durand,2024-07-19
109,Michel Durand,2021-09-03
110,Sophie Michel,2019-07-12
111,Pierre Bertrand,2017-10-05
112,Claire Morel,2015-06-12
113,Marc Durand,2019-09-14
114,Claire Bertrand,2020-11-11
115,Laurent Leroy,2017-04-16
116,Sandrine Michel,2017-12-23
117,Francois Moreau,2022-07-14
118,Nathalie Guerin,2018-07-19
119,Pierre Dupont,2020-02-21
120,Claire Bertrand,2016-02-14
121,Pierre David,2017-05-23
122,Aurelie Leroy,2016-06-26
123,Laurent Durand,2024-11-10
124,Catherine Girard,2018-03-13
125,Michel Guerin,2024-05-08
126,Aurelie Roux,2021-11-10
127,Olivier Dupont,2022-06-28
128,Aurelie Roux,2022-06-10
129,Pierre Moreau,2017-12-19
130,Sophie Bernard,2023-04-29
131,Olivier Moreau,2018-01-20
132,Nathalie Morel,2017-05-12
133,Laurent Simon,2022-09-16
134,Nathalie Muller,2020-06-24
135,Nicolas Martin,2016-01-14
136,Valerie Leroy,2015-06-30
137,Jean Fournier,2023-08-25
138,Isabelle Leroy,2016-10-23
139,Stephane David,2022-11-30
140,Valerie David,2015-02-09
141,Pierre Durand,2024-11-26
142,Isabelle David,2015-05-28
143,Laurent Bertrand,2021-03-13
144,Isabelle Blanc,2016-06-06
145,Jean Roux,2019-02-02
146,Marie Girard,2017-05-10
147,Philippe Bernard,2018-12-19
148,Aurelie Blanc,2021-12-17
149,Michel Michel,2024-09-11
150,Isabelle Laurent,2024-11-19
151,Francois Dupont,2017-01-04
152,Sandrine Blanc,2023-12-30
153,Philippe Leroy,2016-10-14
154,Sophie Bonnet,2024-10-12
155,Jean Mercier,2017-06-30
156,Catherine Guerin,2018-12-03
157,Nicolas Michel,2017-07-02
158,Marie Simon,2019-06-21
159,Laurent Leroy,2024-09-10
160,Sophie Leroy,2018-12-09
161,Olivier Bonnet,2022-08-15
162,Aurelie Fournier,2015-04-24
163,Pierre Leroy,2017-01-01
164,Claire Leroy,2015-06-06
165,Pierre Morel,2019-11-15
166,Sandrine Fournier,2019-11-23
167,Marc Muller,2016-04-18
168,Valerie Bertrand,2017-02-17
169,Nicolas Martin,2022-12-13
170,Valerie Dupont,2020-10-30
171,Olivier Simon,2019-01-31
172,Valerie Durand,2022-06-13
173,Laurent Morel,2018-07-09
174,Sophie Roux,2020-09-08
175,Nicolas Blanc,2018-08-29
176,Valerie Roux,2021-03-20
177,Michel Simon,2019-09-19
178,Valerie Laurent,2021-11-26
179,Marc Roux,2019-07-22
180,Aurelie Dupont,2018-05-29
181,Nicolas Simon,2019-10-27
182,Claire Morel,2022-05-05
183,Laurent Guerin,2019-12-15
184,Celine Simon,2020-09-24
185,Stephane Laurent,2022-05-22
186,Sophie Roux,2020-10-12
187,Marc Fournier,2016-01-18
188,Catherine Roux,2017-07-09
189,Philippe Moreau,2015-04-11
190,Marie Michel,2020-04-30
191,Marc Durand,2020-02-09
192,Valerie Bertrand,2017-03-07
193,Francois Mercier,2019-06-25
194,Catherine Moreau,2022-05-11
195,Jean Bernard,2023-09-24
196,Valerie Michel,2016-12-21
197,Olivier Guerin,2015-07-25
198,Aurelie Michel,2024-07-06
199,Pierre Guerin,2016-06-30
200,Celine Muller,2021-04-08
